subject,sex,workload_watts,hr,vo2,weight,age
A01,M,50,95,1.1125,89,37
A01,M,100,120,2.2428,89,37
A01,M,150,150,3.1773,89,37
A02,F,50,100,0.7670000000000001,65,50
A02,F,100,130,1.6184999999999998,65,50
A02,F,150,160,2.34,65,50
A03,M,50,88,0.9825,75,30
A03,M,100,118,1.9875,75,30
A03,M,150,148,2.7900000000000005,75,30
